dim,r2,r2_adj,n,religiosity,child_rearing,moral_acceptability,social_trust,political_participation,national_pride,happiness,gender_equality,materialism_orientation,tolerance_diversity
Species_Humans,0.5667996395030512,0.08546590561755252,20,0.47173245713737755,0.12497391974188661,-0.6479050219371703,0.5957842915045596,0.07714572810718104,0.15946001224366674,-0.01956213914592965,-0.7374163914370704,-0.2967731605932384,0.4018227141975303
Gender_Female,0.663284946915776,0.28915711015552714,20,0.6910677757600643,0.37332222321879893,-0.17877070394909939,0.410250079252385,-0.4409585611411859,-0.3863300889350044,0.7088707643919983,-0.8140712727761589,-0.19814166856757903,0.057576895510955184
Age_Young,0.5499592302025798,0.04991393042766845,20,-0.8041988559010514,-0.08756469447419653,0.610917568545745,-0.7367729238971464,0.1697423536508057,0.2585933264776246,-0.26994272511550127,0.6217716946224827,0.48644910735572716,-0.3738497897763925
Fitness_Fit,0.598161208506328,0.151673662402248,20,0.28369030077734114,-0.22790281205129584,-0.1629827529426262,-0.12098444104664297,-0.16578709723548077,0.42973106528530447,0.09439421131944523,-1.463738379875672,-0.2079078207608602,0.5322891503171269
SocialValue_High,0.6918703918527022,0.34950416057792677,20,-0.2668429378979065,-0.30234357825601055,0.40345273778360574,-0.3973267645392996,-0.3748000752384421,0.5762362553613666,0.16670738818285102,-0.30625806573905257,-0.11624569579256167,-0.1469019706850466
Utilitarianism_More,0.6632261107782327,0.2890329005318245,20,1.1092861398777534,0.38701766611365107,0.06925948858275442,0.5872020350592233,-0.21146122329653028,-0.007378302411873475,0.12960340086945385,-0.7625227907327288,0.42413279359154993,0.25115163254732553
