T_cat,n_countries,mean_mis,std_mis,mean_flip
-1.0,3,0.40982229585072094,0.08808523911573608,0.278494623655914
1.0,3,0.4120101313552484,0.0920872653232212,0.2924731182795699
1.5,3,0.4118929227274004,0.08382267809128931,0.30430107526881717
2.0,3,0.41376792820764335,0.0778434506814694,0.3010752688172043
2.5,3,0.41342875948536495,0.07742183978352823,0.2956989247311828
3.0,3,0.4127432317857862,0.0748785102783001,0.3032258064516129
3.5,3,0.4138414988653328,0.06891838433882769,0.3064516129032258
4.0,3,0.4128399608286248,0.07337661938648181,0.30215053763440863
