N,n_countries,mean_mis,std_mis,mean_flip,mean_elapsed
2,3,0.4252146346942945,0.10446128645820939,0.2752688172043011,22.307238817214966
3,3,0.4193570742404132,0.09446759404594357,0.2731182795698925,24.946762323379517
4,3,0.40514027504737743,0.08292812252826595,0.27634408602150534,27.749627192815144
5,3,0.41065703019080163,0.07449359712104028,0.27634408602150534,29.983339309692383
6,3,0.4179275705443581,0.09187888712500523,0.24516129032258063,32.446187257766724
