{
  "Age": {
    "decision_entropy": 0.0,
    "decision_margin": 1.0,
    "raw_logit_gap": -32.958137130737306
  },
  "Fitness": {
    "decision_entropy": 0.0,
    "decision_margin": 1.0,
    "raw_logit_gap": -71.42432912190755
  },
  "Gender": {
    "decision_entropy": 0.0,
    "decision_margin": 1.0,
    "raw_logit_gap": -76.63572671072824
  },
  "SocialValue": {
    "decision_entropy": 0.0,
    "decision_margin": 1.0,
    "raw_logit_gap": -45.85884609222412
  },
  "Species": {
    "decision_entropy": 0.033639036049950395,
    "decision_margin": 0.9693353369832038,
    "raw_logit_gap": 71.59847488403321
  },
  "Utilitarianism": {
    "decision_entropy": 0.10272078829374442,
    "decision_margin": 0.8654843106865883,
    "raw_logit_gap": 66.45639419555664
  }
}