noise_sigma,n_countries,n_seeds,n_observations,van_mis_mean,van_mis_std,raw_mis_mean,raw_mis_std,raw_wins_vs_van,raw_total_cells,safe_mis_mean,safe_mis_std,safe_wins_vs_van,safe_total_cells,oracle_c_mis_mean,oracle_c_mis_std,oracle_c_wins_vs_van,oracle_c_total_cells,oracle_d_mis_mean,oracle_d_mis_std,oracle_d_wins_vs_van,oracle_d_total_cells,hybrid_mis_mean,hybrid_mis_std,hybrid_wins_vs_van,hybrid_total_cells
0.0,20,1,20,0.33074763199489227,0.08050694732107257,0.3411101293588665,0.09339386713532637,10,20,0.33397213199453496,0.07941426407854486,5,20,0.3302675982401565,0.08053392048161498,5,20,0.3281512437664007,0.08102710546260619,20,20,0.306141236487976,0.084543207878036,20,20
0.25,20,3,60,0.32936591435792906,0.0795075030165921,0.3411532087305851,0.09150532969496195,32,60,0.3323353717379487,0.07894649117876745,12,60,0.3286838852364291,0.07955789939908191,12,60,0.3268491963163056,0.07984003782893552,60,60,0.3064344167479206,0.08287477131926144,60,60
0.5,20,3,60,0.3269460411092409,0.07997738477417722,0.34010179960399367,0.09120314865766586,29,60,0.3288192188864939,0.0795765624570032,21,60,0.32609201665959126,0.0800594251079255,21,60,0.3243670480964497,0.08008077674282892,56,60,0.304963300942693,0.08335130274438914,56,60
1.0,20,3,60,0.32018668923138727,0.08107474651511315,0.33637533856795204,0.09065527773384108,26,60,0.3209564268971017,0.08081801816779387,24,60,0.3192811369603012,0.0812798102967473,24,60,0.3176383425962908,0.08131429084865303,59,60,0.2993272363698736,0.08387546550890854,59,60
2.0,20,3,60,0.3067523746265534,0.0824107134063544,0.3292750254623763,0.09072120157137618,24,60,0.30671590585717495,0.08196080375291812,30,60,0.3058934873995068,0.08212903368808122,30,60,0.30493422501888295,0.08217478288468628,59,60,0.28824488488974426,0.08358616158144437,60,60
