method,K,mean_sec_per_scen,std_sec_per_scen,mean_gpu_peak_gb,n_cells
swa_dpbr,64,0.08595580157096776,0.009649957028220402,0.0020633599999999998,3
swa_dpbr,128,0.0828673187064516,0.008668813354560111,0.0020633599999999998,3
swa_dpbr,256,0.08261381880537622,0.010134798011535622,0.0020633599999999998,3
vanilla,0,0.023112176269892287,0.0011142143075836893,0.0012859733333333333,3
