method,n_seeds,mean_mis,ci95_mis,mean_jsd,ci95_jsd,mean_pearson_r,ci95_pearson_r,mean_mae,ci95_mae,mean_rmse,ci95_rmse
swa_dpbr,3,0.4226208410006649,0.0018243389588051642,0.08035172167001141,0.0009887404861317216,0.2711000994302188,0.007264186714576209,14.136688091646866,0.041274291577535656,17.25342358529215,0.07447832611588395
vanilla,3,0.44692038570972564,0.0006586389897239424,0.0548127419511554,4.3720843973029485e-05,0.42569543519842395,0.00021394370787618003,16.244163479677635,0.027222222222220673,18.245448343944574,0.026888824158765208
