K_half,n_countries,mean_mis,std_mis,mean_flip,mean_rel_r,mean_elapsed,K_total
8,3,0.4113855579538481,0.08319044925531717,0.2838709677419355,0.6839452164025582,30.21951699256897,16
16,3,0.409236932465807,0.08934948163964036,0.27096774193548384,0.7355163468646481,28.47625509897868,32
32,3,0.4104456215414645,0.08117373308097599,0.278494623655914,0.7663968545242549,28.423181454340618,64
64,3,0.41029094090121815,0.0879530256854732,0.27956989247311825,0.7927632027649381,28.256077607472736,128
128,3,0.41465415997049665,0.08660853425850933,0.27419354838709675,0.8135121454941995,28.897302548090618,256
192,3,0.4125932512209542,0.08914111140130199,0.2731182795698925,0.8268617162459474,28.092005173365276,384
