model,params_B,vanilla_mis,disca_mis,disca_latency_ms
phi35_mini,3.8,0.6379248369073878,0.5713489921560824,162.72225610671504
hf_qwen25_7b_bf16,7.6,0.453063690603584,0.3619473293152975,152.39504471901924
qwen3_vl_8b,8.0,0.5748161698688706,0.46629584255236817,219.2202385394804
phi_4,14.7,0.45393728820921375,0.34635954727039153,349.5442659239615
magistral_small_2509,24.0,0.40305072188795227,0.35040904753009383,573.8080908790712
llama33_70b,70.6,0.8494260696721911,0.667729447832323,1413.998929377525
