model,params_B,vanilla_mis,disca_mis,delta,n_countries
phi35_mini,3.8,0.6379248369073878,0.5713489921560824,0.0665758447513054,20
hf_qwen25_7b_bf16,7.6,0.453063690603584,0.3619473293152975,0.09111636128828648,20
qwen3_vl_8b,8.0,0.5748161698688706,0.46629584255236817,0.10852032731650246,20
phi_4,14.7,0.45393728820921375,0.34635954727039153,0.10757774093882222,20
magistral_small_2509,24.0,0.40305072188795227,0.35040904753009383,0.05264167435785844,20
llama33_70b,70.6,0.8494260696721911,0.667729447832323,0.18169662183986812,20
