dim_dropped,delta_mis
tolerance_diversity,0.007011853644243875
happiness,0.004241184758871197
national_pride,0.0036743007435448374
child_rearing,0.0008804144224673719
social_trust,-0.00010218459247118838
political_participation,-0.00017906013804880327
religiosity,-0.0008242014396882916
materialism_orientation,-0.0013279973409414854
gender_equality,-0.00933321790965704
moral_acceptability,-0.016196487748122452
