n_scenarios,mean_r,median_r,frac_r_below_0_5,frac_r_below_0_1
1550,0.9816074568576986,0.9933136310026811,0.0,0.0
