seed,country,mis
42,USA,0.3937664315530493
42,JPN,0.4015154958043196
42,DEU,0.4593167194842164
42,VNM,0.5060822228983883
42,ETH,0.4404084303360052
101,USA,0.3978704903983161
101,JPN,0.40328581476797204
101,DEU,0.4613805973246257
101,VNM,0.5081037623772527
101,ETH,0.4409992803610409
2026,USA,0.39581236612807974
2026,JPN,0.40040074563529787
2026,DEU,0.45957587245311726
2026,VNM,0.5064416128131852
2026,ETH,0.44008246093464715
