macro_mean_mis,macro_std_across_seeds,n_seeds
0.4410028202179676,0.001154136105695318,3
