country,country,mis_mean,mis_std
0,DEU,0.4600910630873198,0.0011242615252736623
1,ETH,0.44049672387723104,0.0004647432379496327
2,JPN,0.4017340187358632,0.0014548952466707397
3,USA,0.39581642935981504,0.002052032439739259
4,VNM,0.5068758660296088,0.0010784652790574829
